,Locality,Region,Type,latitude,longitude,price
0,D.N. Nagar,Mumbai,2 BHK Flat 1150 sqft,19.124189376831055,72.83020782470703,"52,000"
1,Andheri West,Mumbai,3 BHK 1610 Sq-ft Flat/Apartment for Rent in Runwal Elegante Andheri West,19.1417141806255,72.828495599599,1.3 Lac
2,Andheri West,Mumbai,2 BHK 1000 Sq-ft Flat/Apartment for Rent in Chitralekha HERRITAGE Andheri West,19.13605492,72.83612939,"55,000"
3,Andheri West,Mumbai,2 BHK Flat 850 sqft,19.121511459350586,72.83191680908203,"54,000"
4,Veera Desai Road,Mumbai,3 BHK Flat 1270 sqft,19.140338897705078,72.83769226074219,"55,000"
5,Andheri West,Mumbai,3 BHK 1650 Sq-ft Flat/Apartment for Rent in Runwal Elegante Andheri West,19.1417141806255,72.828495599599,1.3 Lac
6,Lokhandwala Complex,Mumbai,3 BHK 2195 Sq-ft Flat/Apartment for Rent in Runwal Elegante Lokhandwala Complex,19.1417141806255,72.828495599599,1.1 Lac
7,Veera Desai Road,Mumbai,3 BHK 1400 Sq-ft Flat/Apartment for Rent in Evershine Embassy Veera Desai Road,19.140793043201,72.8367363728463,"65,000"
8,Andheri West,Mumbai,3 BHK Flat 1295 sqft,19.138883590698242,72.83404541015625,1.1 Lac
9,Andheri West,Mumbai,3 BHK 1400 Sq-ft Flat/Apartment for Rent in Runwal Elegante Andheri West,19.1417141806255,72.828495599599,1.6 Lac
10,Andheri West,Mumbai,1 BHK 575 Sq-ft Flat/Apartment for Rent in D Kapoor Hilton Apartment Andheri West,19.1387675,72.8262186,"38,000"
11,Lokhandwala Complex,Mumbai,1 BHK Flat 700 sqft,19.14508819580078,72.82540130615234,"43,000"
12,Andheri West,Mumbai,3 BHK Flat 2050 sqft,19.129003524780273,72.82576751708984,1.3 Lac
13,Andheri West,Mumbai,2 BHK 1250 Sq-ft Flat/Apartment for Rent in Kamal Apartment Andheri West,19.144542,72.823544,"60,000"
14,Juhu Versova Link Road - Andheri West,Mumbai,2 BHK 950 Sq-ft Flat/Apartment for Rent in Rustomjee Elements Juhu Versova Link,19.120471,72.82818,"50,000"
15,SV Patel Nagar,Mumbai,3 BHK Flat 1450 sqft,19.137060165405273,72.82247161865234,"70,000"
16,4 Bunglows,Mumbai,2 BHK 1065 Sq-ft Flat/Apartment for Rent in Itus 4 Bunglows,19.116300944375464,72.83220084466467,"55,000"
17,Andheri West,Mumbai,2 BHK Flat 820 sqft,19.12158966064453,72.83187866210938,"50,000"
18,Lokhandwala Complex,Mumbai,3 BHK Flat 1700 sqft,19.144697189331055,72.82827758789062,"90,000"
19,Four Bungalows,Mumbai,3 BHK Flat 1450 sqft,19.12537,72.82542,1.4 Lac
20,Azad Nagar - Andheri West,Mumbai,2 BHK Flat 1100 sqft,19.125120162963867,72.8405532836914,"47,000"
21,D.N. Nagar,Mumbai,2 BHK Flat 1150 sqft,19.124189376831055,72.83020782470703,"49,500"
22,Andheri West,Mumbai,1 BHK Flat 650 sqft,19.1297376,72.8291555,"45,000"
23,Lokhandwala Complex,Mumbai,3 BHK 1360 Sq-ft Flat/Apartment for Rent in Runwal Elegante Lokhandwala Complex,19.1417141806255,72.828495599599,1.2 Lac
24,4 Bunglows,Mumbai,4 BHK Flat 2450 sqft,19.130882263183594,72.82826232910156,1.0 Lac
25,Juhu Versova Link Road - Andheri West,Mumbai,3 BHK 2000 Sq-ft Flat/Apartment for Rent in Juhu Abhishek Chs Ltd Juhu Versova Link,19.12089715,72.82643731,1.0 Lac
26,Andheri West,Mumbai,3 BHK 2871 Sq-ft Flat/Apartment for Rent in Oberoi Sky Heights Andheri West,19.1430097,72.8226586,3.5 Lac
27,Andheri West,Mumbai,4 BHK 3300 Sq-ft Flat/Apartment for Rent in Windsor Grande Residences Andheri West,19.1508537582477,72.8328921902958,2.2 Lac
28,D.N. Nagar,Mumbai,2 BHK 1200 Sq-ft Flat/Apartment for Rent in Acme Stadium View D.N. Nagar,19.12986957,72.83319559,"52,000"
29,D.N. Nagar,Mumbai,4 BHK Flat 2640 sqft,19.11929702758789,72.82931518554688,4.0 Lac
30,4 Bunglows,Mumbai,3 BHK 1967 Sq-ft Flat/Apartment for Rent in Western Heights 4 Bunglows,19.129387,72.827935,1.5 Lac
31,Shri Swami Samarth Nagar,Mumbai,1 BHK 680 Sq-ft Flat/Apartment for Rent in Swiss Palace Shri Swami Samarth Nagar,19.14249,72.82295,"44,000"
32,Andheri West,Mumbai,2 BHK Flat 1000 sqft,19.1297376,72.8291555,"55,000"
33,D.N. Nagar,Mumbai,5 BHK 5236 Sq-ft Flat/Apartment for Rent in Rustomjee Elements D.N. Nagar,19.120471,72.82818,5.3 Lac
34,Andheri West,Mumbai,3 BHK 1400 Sq-ft Flat/Apartment for Rent in DLH Swakrut Andheri West,19.1240734,72.8470193,"65,000"
35,Andheri West,Mumbai,"3 BHK 1632 Sq-ft Flat/Apartment for Rent in Andheri West, Mumbai",19.118993759155273,72.8641357421875,"85,000"
36,Lokhandwala Complex,Mumbai,"2 BHK 900 Sq-ft Flat/Apartment for Rent in Lokhandwala Complex, Mumbai",72.8240966796875,19.14413070678711,"65,000"
37,Andheri West,Mumbai,2 BHK Flat 750 sqft,19.1201686,72.8292084,"57,000"
38,Andheri West,Mumbai,4 BHK Flat 2500 sqft,19.1481277,72.8315375,1.3 Lac
39,Andheri West,Mumbai,2 BHK Flat 1100 sqft,19.1447612,72.8220059,"55,000"
40,Andheri West,Mumbai,2 BHK Flat 970 sqft,19.1297376,72.8291555,"42,000"
41,Andheri West,Mumbai,2 BHK Flat 1000 sqft,19.1272873,72.8353798,"56,000"
42,Andheri West,Mumbai,1 BHK Flat 680 sqft,19.1202794,72.8393824,"32,000"
43,Lokhandwala Complex,Mumbai,"1 BHK 675 Sq-ft Flat/Apartment for Rent in Lokhandwala Complex, Mumbai",19.14413070678711,72.8240966796875,"40,000"
44,Lokhandwala Complex,Mumbai,3 BHK Flat 1200 sqft,19.1416655,72.83453134,"65,000"
45,Andheri West,Mumbai,2 BHK Flat 950 sqft,19.123931280381,72.839442396941,"53,000"
46,Andheri West,Mumbai,"2 BHK 1100 Sq-ft Flat/Apartment for Rent in Andheri West, Mumbai",19.11905860900879,72.86408233642578,"60,000"
47,Andheri West,Mumbai,Studio Apartment 400 sqft,19.147706985473633,72.84261322021484,"31,000"
48,Andheri West,Mumbai,"2 BHK 950 Sq-ft Flat/Apartment for Rent in Andheri West, Mumbai",19.11918830871582,72.86360931396484,"55,000"
49,Andheri West,Mumbai,"2 BHK 1000 Sq-ft Flat/Apartment for Rent in Andheri West, Mumbai",19.149118423461914,72.8428726196289,"59,000"
50,Veera Desai Road,Mumbai,1 BHK 650 Sq-ft Flat/Apartment for Rent in Kia Park Apartments Veera Desai Road,19.1378673,72.8361027,"55,000"
51,Andheri West,Mumbai,2 BHK Flat 1155 sqft,19.111671447753906,72.84334564208984,"70,000"
52,Andheri West,Mumbai,2 BHK Flat 900 sqft,19.129737854003906,72.82915496826172,"65,000"
53,Azad Nagar - Andheri West,Mumbai,2 BHK Flat 1000 sqft,19.129108428955078,72.83525848388672,"50,000"
54,Andheri West,Mumbai,2 BHK Flat 720 sqft,19.129737854003906,72.82915496826172,1.5 Lac
55,Andheri West,Mumbai,1 BHK 700 Sq-ft Flat/Apartment for Rent in Yamuna Apartment Andheri West,19.1297376,72.8291555,"35,000"
56,Andheri West,Mumbai,3 BHK 1350 Sq-ft Flat/Apartment for Rent in Indra Darshan Apartment Andheri West,19.147811,72.829207,"75,000"
57,Andheri West,Mumbai,3 BHK 1400 Sq-ft Flat/Apartment for Rent in Royal Classic Co Op Society Andheri West,19.13894569,72.82940015,"74,000"
58,Lokhandwala Complex,Mumbai,Studio Apartment 400 sqft,19.14236068725586,72.82533264160156,"28,000"
59,Andheri West,Mumbai,2 BHK 850 Sq-ft Flat/Apartment for Rent in Trishul Apartment Andheri West,19.1430577,72.8253797,"60,000"
60,Andheri West,Mumbai,2 BHK 1334 Sq-ft Flat/Apartment for Rent in Madhuban Apartment Andheri West,19.1264931098351,72.8293271354831,1.1 Lac
61,Andheri West,Mumbai,3 BHK 1400 Sq-ft Flat/Apartment for Rent in Evershine Green Andheri West,19.1463311089977,72.834625772999,"78,000"
62,Andheri West,Mumbai,2 BHK Builder Floor 860 sqft,19.119022369384766,72.86412048339844,"55,000"
63,Andheri West,Mumbai,3 BHK 1941 Sq-ft Flat/Apartment for Rent in HDIL Metropolis Andheri West,19.130537,72.828494,"72,000"
64,Andheri West,Mumbai,2 BHK Flat 900 sqft,19.129737854003906,72.82915496826172,"50,000"
65,Veera Desai Road,Mumbai,3 BHK 1350 Sq-ft Flat/Apartment for Rent in Evershine Embassy Veera Desai Road,19.140793043201,72.8367363728463,"55,000"
66,Seven Bungalows,Mumbai,1 BHK 700 Sq-ft Flat/Apartment for Rent in 7 Bungalow Seven Bungalows,19.1284235,72.8198761,"45,000"
67,Azad Nagar - Andheri West,Mumbai,3 BHK Flat 1650 sqft,19.129270553588867,72.83601379394531,"75,000"
68,SV Patel Nagar,Mumbai,2 BHK 1000 Sq-ft Flat/Apartment for Rent in Shiv Kutir SV Patel Nagar,19.1404489106589,72.8187706702647,"50,000"
69,4 Bunglows,Mumbai,3 BHK Flat 1945 sqft,19.131162643432617,72.82827758789062,"75,000"
70,Lokhandwala Complex,Mumbai,3 BHK Flat 1000 sqft,19.146604537963867,72.8276138305664,"60,000"
71,Andheri West,Mumbai,1 BHK Flat 600 sqft,19.129737854003906,72.82915496826172,"50,000"
72,Lokhandwala Complex,Mumbai,3 BHK 1295 Sq-ft Flat/Apartment for Rent in Oberoi Springs Lokhandwala Complex,19.138865,72.834731,"90,000"
73,D.N. Nagar,Mumbai,2 BHK 700 Sq-ft Flat/Apartment for Rent in Blue Star Co Op Housing Society D.N. Nagar,19.12419,72.83021,"44,000"
74,4 Bunglows,Mumbai,2 BHK 950 Sq-ft Flat/Apartment for Rent in Gitaprakash Apartment 4 Bunglows,0.0,0.0,"45,000"
75,4 Bunglows,Mumbai,2 BHK 1200 Sq-ft Flat/Apartment for Rent in Western Heights 4 Bunglows,19.129387,72.827935,"90,000"
76,D.N. Nagar,Mumbai,3 BHK 1750 Sq-ft Flat/Apartment for Rent in Rustomjee Elita D.N. Nagar,19.123135,72.8256728,1.3 Lac
77,Lokhandwala Complex,Mumbai,3 BHK 1360 Sq-ft Flat/Apartment for Rent in Runwal Elegante Lokhandwala Complex,19.1417141806255,72.828495599599,1.3 Lac
78,Lokhandwala Complex,Mumbai,2 BHK Flat 1100 sqft,19.14209747314453,72.82372283935547,"65,000"
79,Lokhandwala Complex,Mumbai,2 BHK 1000 Sq-ft Flat/Apartment for Rent in Anushka CHS Lokhandwala Complex,19.14413,72.8241,"50,000"
80,Lokhandwala Complex,Mumbai,2 BHK Flat 1089 sqft,19.14413,72.8241,"58,000"
81,Andheri West,Mumbai,2 BHK 1250 Sq-ft Flat/Apartment for Rent in Raheja Classique Andheri West,19.140062,72.829136,"85,000"
82,Juhu Versova Link Road - Andheri West,Mumbai,2 BHK Flat 950 sqft,19.123052,72.824523,"57,000"
83,Andheri West,Mumbai,2 BHK 1000 Sq-ft Flat/Apartment for Rent in Kabra Paradise Andheri West,19.126972,72.832134,"50,000"
84,Andheri West,Mumbai,3 BHK 1900 Sq-ft Flat/Apartment for Rent in Panorama Tower Andheri West,19.1294189,72.8315772,"75,000"
85,Andheri West,Mumbai,1 BHK 650 Sq-ft Flat/Apartment for Rent in Sundervan Complex Andheri West,19.1373587,72.8287447,"50,000"
86,4 Bunglows,Mumbai,3 BHK 1180 Sq-ft Flat/Apartment for Rent in HDIL Metropolis 4 Bunglows,19.130537,72.828494,"72,000"
87,Versova Village,Mumbai,3 BHK 1700 Sq-ft Flat/Apartment for Rent in The Lumiere Versova Village,19.1367541,72.8214303,"99,000"
88,Andheri West,Mumbai,2 BHK 1000 Sq-ft Flat/Apartment for Rent in 7 Bungalow Andheri West,19.1284235,72.8198761,"59,000"
89,4 Bunglows,Mumbai,2 BHK 1400 Sq-ft Flat/Apartment for Rent in Western Heights 4 Bunglows,19.129387,72.827935,"85,000"
90,Andheri West,Mumbai,1 BHK Flat 500 sqft,19.129737854003906,72.82915496826172,"40,000"
91,Andheri West,Mumbai,3 BHK 1360 Sq-ft Flat/Apartment for Rent in Runwal Elegante Andheri West,19.1417141806255,72.828495599599,"95,000"
92,Andheri West,Mumbai,3 BHK Flat 1500 sqft,72.82915496826172,19.129737854003906,"55,000"
93,Andheri West,Mumbai,3 BHK 1760 Sq-ft Flat/Apartment for Rent in Rustomjee Elita Upper Juhu,19.123135,72.8256728,1.2 Lac
94,Andheri West,Mumbai,3 BHK Flat 1500 sqft,19.1297376,72.8291555,"62,000"
95,D.N. Nagar,Mumbai,3 BHK Flat 1500 sqft,19.124189376831055,72.83020782470703,"85,000"
96,Andheri West,Mumbai,2 BHK 850 Sq-ft Flat/Apartment for Rent in Oshiwara mhada Andheri West,19.149266,72.833536,"52,000"
97,4 Bunglows,Mumbai,2 BHK Flat 1258 sqft,0.0,0.0,"45,000"
98,Andheri West,Mumbai,3 BHK 1700 Sq-ft Flat/Apartment for Rent in AlKa Apartments Andheri West,19.11730937,72.84442876,"70,000"
99,Azad Nagar 2,Mumbai,2 BHK Flat 1250 sqft,19.131203,72.834365,"55,000"
100,Amboli,Mumbai,2 BHK Flat 850 sqft,19.128826141357422,72.84397888183594,"42,000"
101,D.N. Nagar,Mumbai,2 BHK Flat 1100 sqft,19.124189376831055,72.83020782470703,"40,000"
102,Andheri West,Mumbai,4 BHK 4300 Sq-ft Flat/Apartment for Rent in Windsor Grande Residences Andheri West,19.1508537582477,72.8328921902958,2.5 Lac
103,Andheri West,Mumbai,2 BHK 1120 Sq-ft Flat/Apartment for Rent in Rustomjee Elements Andheri West,19.120471,72.82818,"50,000"
104,Andheri West,Mumbai,2 BHK 1100 Sq-ft Flat/Apartment for Rent in Creek Crest Andheri West,19.1258549,72.8256056,"50,000"
105,Versova Village,Mumbai,1 BHK Flat 650 sqft,0.0,0.0,"23,000"
106,Lokhandwala Complex,Mumbai,4 BHK 3300 Sq-ft Flat/Apartment for Rent in Windsor Grande Residences Lokhandwala Complex,19.1508537582477,72.8328921902958,2.8 Lac
107,Andheri West,Mumbai,3 BHK 1900 Sq-ft Flat/Apartment for Rent in Windsor Grande Residences Andheri Link Road Extension,19.1508537582477,72.8328921902958,1.5 Lac
108,Lokhandwala Complex,Mumbai,2 BHK 1360 Sq-ft Flat/Apartment for Rent in Raheja Classique Lokhandwala Complex,19.140062,72.829136,"70,000"
109,Andheri West,Mumbai,1 BHK Flat 550 sqft,19.129737854003906,72.82915496826172,"30,000"
110,4 Bunglows,Mumbai,1 BHK Flat 620 sqft,0.0,0.0,"40,000"
111,Andheri West,Mumbai,4 BHK Flat 1990 sqft,19.1297376,72.8291555,1.5 Lac
112,Andheri West,Mumbai,2 BHK 1050 Sq-ft Flat/Apartment for Rent in Oakland Park Yamuna Nagar,19.14854373,72.82665218,"65,000"
113,Andheri West,Mumbai,2 BHK Flat 680 sqft,19.129737854003906,72.82915496826172,"55,000"
114,Veera Desai Road,Mumbai,2 BHK 1100 Sq-ft Flat/Apartment for Rent in Chitralekha HERRITAGE Veera Desai Road,19.13605492,72.83612939,"57,000"
115,Andheri West,Mumbai,1 BHK Flat 400 sqft,19.129737854003906,72.82915496826172,"27,000"
116,Andheri West,Mumbai,1 BHK Flat 350 sqft,19.129737854003906,72.82915496826172,"21,000"
117,Andheri West,Mumbai,3 BHK 1680 Sq-ft Flat/Apartment for Rent in The Lumiere Mahda colony Versova,19.1367541,72.8214303,"75,000"
118,Andheri West,Mumbai,2 BHK 800 Sq-ft Flat/Apartment for Rent in Datta Parag Apartment Andheri West,19.1329614,72.8117167,"47,000"
119,Andheri West,Mumbai,3 BHK 1650 Sq-ft Flat/Apartment for Rent in Bianca Tower Andheri West,19.1297376,72.8291555,"95,000"
120,Andheri West,Mumbai,2 BHK 950 Sq-ft Flat/Apartment for Rent in Cosmopolis Tower Andheri West,19.1297376,72.8291555,"65,000"
121,Four Bungalows,Mumbai,3 BHK 1995 Sq-ft Flat/Apartment for Rent in HDIL Metropolis Four Bungalows,19.130537,72.828494,"78,000"
122,D.N. Nagar,Mumbai,2 BHK 2800 Sq-ft Flat/Apartment for Rent in Bharat Skyvistas D.N. Nagar,19.12590864,72.82892672,1.9 Lac
123,Seven Bungalows,Mumbai,2 BHK Flat 1000 sqft,19.135986328125,72.80973815917969,"80,000"
124,Andheri West,Mumbai,3 BHK 1700 Sq-ft Flat/Apartment for Rent in Poseidon Apartment Andheri West,19.1406956,72.8101818,1.0 Lac
125,D.N. Nagar,Mumbai,2 BHK 1030 Sq-ft Flat/Apartment for Rent in Kabra Paradise D.N. Nagar,19.126972,72.832134,"49,000"
126,Andheri West,Mumbai,4 BHK 3780 Sq-ft Flat/Apartment for Rent in Rustomjee Elements Andheri West,19.120471,72.82818,3.8 Lac
127,Andheri West,Mumbai,3 BHK 3300 Sq-ft Flat/Apartment for Rent in Windsor Grande Residences Andheri West,19.1508537582477,72.8328921902958,3.0 Lac
128,Andheri West,Mumbai,2 BHK 820 Sq-ft Flat/Apartment for Rent in Sai Krishna kunj jp Road seven Bungalow,19.1224809,72.8454287,"48,000"
129,D.N. Nagar,Mumbai,3 BHK Flat 1300 sqft,19.124189376831055,72.83020782470703,"67,000"
130,Shri Swami Samarth Nagar,Mumbai,2 BHK 1050 Sq-ft Flat/Apartment for Rent in Shubham CHS Shri Swami Samarth Nagar,19.1252534,72.8199899,"40,000"
131,Andheri West,Mumbai,3 BHK 1600 Sq-ft Flat/Apartment for Rent in HDIL Metropolis Andheri West,19.130537,72.828494,"80,000"
132,Lokhandwala Complex,Mumbai,4 BHK 2400 Sq-ft Flat/Apartment for Rent in Rushi Tower Lokhandwala Complex,19.1463971,72.823466,1.2 Lac
133,Andheri West,Mumbai,3 BHK 1550 Sq-ft Flat/Apartment for Rent in Samarth Aangan Andheri West,19.15038469,72.82855247,"95,000"
134,Andheri West,Mumbai,4 BHK 4300 Sq-ft Flat/Apartment for Rent in Windsor Grande Residences Andheri West,19.1508537582477,72.8328921902958,2.8 Lac
135,Lokhandwala Complex,Mumbai,2 BHK 800 Sq-ft Flat/Apartment for Rent in Kenwood Apartment Lokhandwala Complex,19.1437112,72.8217931,"55,000"
136,Lokhandwala Complex,Mumbai,5 BHK Flat 7600 sqft,19.151569366455078,72.83207702636719,5.8 Lac
137,Andheri West,Mumbai,1 BHK 600 Sq-ft Flat/Apartment for Rent in Baba Sadan Andheri West,19.1287006931114,72.8236169608929,"39,000"
138,Lokhandwala Complex,Mumbai,2 BHK 1550 Sq-ft Flat/Apartment for Rent in Shiv Shakti Apartments Lokhandwala Complex,19.1332342,72.8304074,"68,000"
139,Andheri West,Mumbai,2 BHK 950 Sq-ft Flat/Apartment for Rent in Sunny Side Apartment Andheri West,19.142595,72.8229262,"50,000"
140,Andheri West,Mumbai,1 BHK 550 Sq-ft Flat/Apartment for Rent in Bhairav Apartment Andheri West,19.1297376,72.8291555,"36,000"
141,Andheri West,Mumbai,1 BHK 650 Sq-ft Flat/Apartment for Rent in Oakland Park Andheri West,19.14854373,72.82665218,"45,000"
142,Seven Bungalows,Mumbai,1 BHK 600 Sq-ft Flat/Apartment for Rent in Natraj Apartment Seven Bungalows,19.0835188,72.8350751,"35,000"
143,Andheri West,Mumbai,2 BHK 1100 Sq-ft Flat/Apartment for Rent in Kabra Metro One Andheri West,19.133317838032806,72.81809513580086,"60,000"
144,Andheri West,Mumbai,3 BHK 1295 Sq-ft Flat/Apartment for Rent in Oberoi Springs Andheri West,19.138865,72.834731,1.3 Lac
145,Andheri West,Mumbai,3 BHK 1850 Sq-ft Flat/Apartment for Rent in Ashirwad Apartment Andheri West,19.1297376,72.8291555,"90,000"
146,Andheri West,Mumbai,2 BHK 1050 Sq-ft Flat/Apartment for Rent in Silver Arch Andheri West,19.1379646,72.827219,"65,000"
147,Andheri West,Mumbai,4 BHK 2350 Sq-ft Flat/Apartment for Rent in Western Heights Andheri West,19.129387,72.827935,1.4 Lac
148,Andheri West,Mumbai,2 BHK 1200 Sq-ft Flat/Apartment for Rent in Gundecha Symphony Andheri West,19.137356,72.836955,"62,000"
149,Lokhandwala Complex,Mumbai,3 BHK 2000 Sq-ft Flat/Apartment for Rent in Meghdoot Tower Lokhandwala Complex,19.1450013456501,72.8216487174544,1.2 Lac
150,Lokhandwala Complex,Mumbai,2 BHK 1000 Sq-ft Flat/Apartment for Rent in Green Ville Lokhandwala Complex,19.1411606,72.8316926,"50,000"
151,Andheri West,Mumbai,1 BHK 600 Sq-ft Flat/Apartment for Rent in 7 Bungalow 7 bunglow,19.1284235,72.8198761,"42,000"
152,Lokhandwala Complex,Mumbai,3 BHK 1264 Sq-ft Flat/Apartment for Rent in Shiv Shivam Lokhandwala Complex,19.14413,72.8241,"60,000"
153,D.N. Nagar,Mumbai,2 BHK 1150 Sq-ft Flat/Apartment for Rent in Rustomjee Elita D.N. Nagar,19.123135,72.8256728,"90,000"
154,Andheri West,Mumbai,2 BHK 972 Sq-ft Flat/Apartment for Rent in Dheeraj Gaurav Heights Andheri West,19.1416655,72.83453134,"65,000"
155,Seven Bungalows,Mumbai,2 BHK 850 Sq-ft Flat/Apartment for Rent in Kabra Metro One Seven Bungalows,19.133317838032806,72.81809513580086,"60,000"
156,Lokhandwala Complex,Mumbai,1 BHK Flat 700 sqft,19.126497268676758,72.84561157226562,"37,000"
157,Lokhandwala Complex,Mumbai,3 BHK 1230 Sq-ft Flat/Apartment for Rent in Shiv Shivam old lokhandwala complex,19.14413,72.8241,"55,000"
158,Andheri West,Mumbai,2 BHK 1000 Sq-ft Flat/Apartment for Rent in Oshiwara mhada Andheri West,19.149266,72.833536,"55,000"
159,Lokhandwala Complex,Mumbai,3 BHK 2200 Sq-ft Flat/Apartment for Rent in Elegante Lokhandwala Complex,19.14413,72.8241,1.1 Lac
160,Andheri West,Mumbai,1 BHK 600 Sq-ft Flat/Apartment for Rent in Silver Stream off yari road,19.1282839,72.8386989,"40,000"
161,Andheri West,Mumbai,2 BHK Flat 1000 sqft,19.129737854003906,72.82915496826172,"52,000"
162,Lokhandwala Complex,Mumbai,2 BHK 1000 Sq-ft Flat/Apartment for Rent in Supreme 19 Lokhandwala Complex,19.1450178,19.1450178,"65,000"
163,Andheri West,Mumbai,2 BHK 850 Sq-ft Flat/Apartment for Rent in Mercury Apartment Andheri West,19.1444013,72.822124,"50,000"
164,Andheri West,Mumbai,2 BHK Flat 1000 sqft,19.1227970123291,72.82485961914062,"45,000"
165,Andheri West,Mumbai,3 BHK Flat 1500 sqft,19.129737854003906,72.82915496826172,"80,000"
166,Andheri West,Mumbai,2 BHK 900 Sq-ft Flat/Apartment for Rent in Blue Star Apartment Andheri West,19.1151409,72.8591304,"43,000"
167,Andheri West,Mumbai,2 BHK 1000 Sq-ft Flat/Apartment for Rent in Kedar Darshan Azad nagar Apna bazar,19.12882856,72.83300536,"53,000"
168,Andheri West,Mumbai,3 BHK 1205 Sq-ft Flat/Apartment for Rent in Ballerina Apartment Andheri West,19.1453034,72.8232374,"67,500"
169,Andheri West,Mumbai,2 BHK 1050 Sq-ft Flat/Apartment for Rent in Sagar City Artic Andheri West,19.1297376,72.8291555,"47,000"
170,Andheri West,Mumbai,3 BHK 1800 Sq-ft Flat/Apartment for Rent in Suman Apartment Andheri West Andheri West,19.1404525,72.8094198,"70,000"
171,Andheri West,Mumbai,2 BHK 1404 Sq-ft Flat/Apartment for Rent in HDIL Metropolis Andheri West,19.130537,72.828494,"63,000"
172,Andheri West,Mumbai,3 BHK 1700 Sq-ft Flat/Apartment for Rent in Western Heights Andheri West,19.129387,72.827935,1.4 Lac
173,Andheri West,Mumbai,1 BHK 725 Sq-ft Flat/Apartment for Rent in Green Tower Andheri West,19.123931280381,72.839442396941,"33,000"
174,D.N. Nagar,Mumbai,4 BHK 4300 Sq-ft Flat/Apartment for Rent in Windsor Grande Residences D.N. Nagar,19.1508537582477,72.8328921902958,3.5 Lac
175,Andheri West,Mumbai,2 BHK Flat 900 sqft,19.129737854003906,72.82915496826172,"44,000"
176,Andheri West,Mumbai,2 BHK 850 Sq-ft Flat/Apartment for Rent in Ashtavinayak CHS Andheri West,19.1288671,72.83303431,"41,000"
177,Andheri West,Mumbai,1 BHK 650 Sq-ft Flat/Apartment for Rent in Nandini Apartment Versowa village,19.1280375,72.8185274,"17,000"
178,Andheri West,Mumbai,1 BHK 550 Sq-ft Flat/Apartment for Rent in Andheri CHS Andheri West,19.115297,72.839762,"37,000"
179,Andheri West,Mumbai,1 BHK Flat 600 sqft,19.1297376,72.8291555,"30,000"
180,Andheri West,Mumbai,Studio Apartment 350 sqft,19.129737854003906,72.82915496826172,"17,000"
181,Andheri West,Mumbai,2 BHK 1200 Sq-ft Flat/Apartment for Rent in Chitralekha HERRITAGE Andheri West,19.13605492,72.83612939,"55,000"
182,Yari Road,Mumbai,4 BHK 1875 Sq-ft Flat/Apartment for Rent in Raheja Park Plaza Yari Road,19.1400976,72.8150628,1.4 Lac
183,Andheri West,Mumbai,3 BHK 1500 Sq-ft Flat/Apartment for Rent in Ballerina Apartment Andheri West,19.1453034,72.8232374,"60,000"
184,Andheri West,Mumbai,3 BHK 2400 Sq-ft Flat/Apartment for Rent in Hiranandani Apartment Andheri West,19.1297376,72.8291555,1.8 Lac
185,Andheri West,Mumbai,2 BHK 750 Sq-ft Flat/Apartment for Rent in Green Ville Andheri West,19.1411606,72.8316926,"75,000"
186,Lokhandwala Complex,Mumbai,4 BHK 4300 Sq-ft Flat/Apartment for Rent in Windsor Grande Residences Lokhandwala Complex,19.1508537582477,72.8328921902958,2.5 Lac
187,Andheri West,Mumbai,2 BHK Flat 1200 sqft,19.143659591674805,72.82160186767578,"70,000"
188,Andheri West,Mumbai,3 BHK 2000 Sq-ft Flat/Apartment for Rent in HDIL Metropolis Andheri West,19.130537,72.828494,"75,000"
189,Andheri West,Mumbai,3 BHK Flat 1100 sqft,19.1297376,72.8291555,"75,000"
190,4 Bunglows,Mumbai,2 BHK 999 Sq-ft Flat/Apartment for Rent in Creek Crest 4 Bunglows,19.1258549,72.8256056,"50,000"
191,Veera Desai Road,Mumbai,3 BHK Flat 1650 sqft,19.132728576660156,72.83527374267578,"85,000"
192,Lokhandwala Complex,Mumbai,4 BHK 1900 Sq-ft Flat/Apartment for Rent in Rushi Tower Lokhandwala Complex,19.1463971,72.823466,1.3 Lac
193,Andheri West,Mumbai,1 BHK Flat 750 sqft,19.129901885986328,72.83570098876953,"35,000"
194,4 Bunglows,Mumbai,1 BHK Flat 615 sqft,19.129413604736328,72.82366180419922,"39,000"
195,Lokhandwala Complex,Mumbai,2 BHK 1150 Sq-ft Flat/Apartment for Rent in Raheja Classique Lokhandwala Complex,19.140062,72.829136,"80,000"
196,Andheri West,Mumbai,1 BHK 600 Sq-ft Flat/Apartment for Rent in Blue Archi Andheri West,19.1277844,72.8211992,"26,000"
197,Andheri West,Mumbai,3 BHK 1850 Sq-ft Flat/Apartment for Rent in HDIL Metropolis Andheri West,19.130537,72.828494,"84,000"
198,Andheri West,Mumbai,1 BHK 600 Sq-ft Flat/Apartment for Rent in Oshiwara mhada Andheri West,19.149266,72.833536,"26,000"
199,Andheri West,Mumbai,3 BHK Flat 1450 sqft,19.1416655,72.83453134,"60,000"
200,Andheri West,Mumbai,"2 BHK 850 Sq-ft Flat/Apartment for Rent in Andheri West, Mumbai",19.1297376,72.8291555,"32,000"
201,Lokhandwala Complex,Mumbai,"2 BHK 900 Sq-ft Flat/Apartment for Rent in Lokhandwala Complex, Mumbai",19.14413070678711,72.8240966796875,"50,000"
202,Four Bungalows,Mumbai,"2 BHK 800 Sq-ft Flat/Apartment for Rent in Four Bungalows, Mumbai",19.1479549407959,72.84231567382812,"50,000"
203,Andheri West,Mumbai,2 BHK 620 Ground Flat/Apartment for Rent in Breeze Apartment Andheri West,19.1288852,72.8186372,"42,000"
204,Navneeth Colony,Mumbai,"2 BHK 580 Sq-ft Flat/Apartment for Rent in Navneeth Colony, Mumbai",19.12587547302246,72.84431457519531,"48,000"
205,Andheri West,Mumbai,"1 BHK 650 Sq-ft Flat/Apartment for Rent in Andheri West, Mumbai",19.1297376,72.8291555,"40,000"
206,Juhu Versova Link Road - Andheri West,Mumbai,2 BHK Flat 1000 sqft,19.1201686,72.8292084,"60,000"
207,Andheri West,Mumbai,2 BHK 1136 Sq-ft Flat/Apartment for Rent in Pearl Palace Andheri West,19.0764549,72.8351974,"55,000"
208,Versova Village,Mumbai,"1 BHK 500 Sq-ft Flat/Apartment for Rent in Versova Village, Mumbai",0.0,0.0,"16,000"
209,Veera Desai Road,Mumbai,"1 BHK 600 Sq-ft Flat/Apartment for Rent in Veera Desai Road, Mumbai",19.1327295,72.83527,"35,000"
210,Andheri West,Mumbai,"1 BHK 400 Sq-ft Flat/Apartment for Rent in Andheri West, Mumbai",19.1297376,72.8291555,"15,000"
211,Andheri West,Mumbai,3 BHK Flat 1876 sqft,19.151264,72.828738,1.2 Lac
212,Andheri West,Mumbai,3 BHK Flat 1500 sqft,19.124984,72.822792,"87,000"
213,Andheri West,Mumbai,1 BHK Flat 565 sqft,19.14854373,72.82665218,"42,000"
214,Andheri West,Mumbai,2 BHK Flat 950 sqft,19.123931280381,72.839442396941,"60,000"
215,Veera Desai Road,Mumbai,"3 BHK 1150 Sq-ft Flat/Apartment for Rent in Veera Desai Road, Mumbai",19.132728576660156,72.83527374267578,1.0 Lac
216,Andheri West,Mumbai,4 BHK Flat 1990 sqft,19.1448936,72.8368073,1.0 Lac
217,Andheri West,Mumbai,Studio Apartment 27 sqm,19.129737854003906,72.82915496826172,"16,000"
218,Lokhandwala Complex,Mumbai,"2 BHK 960 Sq-ft Flat/Apartment for Rent in Lokhandwala Complex, Mumbai",19.129737854003906,72.82915496826172,"50,000"
219,Andheri West,Mumbai,2 BHK Flat 1000 sqft,19.1450178,19.1450178,"72,000"
220,Andheri West,Mumbai,"1 BHK 350 Sq-ft Flat/Apartment for Rent in Andheri West, Mumbai",19.1297376,72.8291555,"17,500"
221,Andheri West,Mumbai,"2 BHK 1000 Sq-ft Flat/Apartment for Rent in Andheri West, Mumbai",19.129737854003906,72.82915496826172,"48,000"
222,Andheri West,Mumbai,2 BHK Flat 700 sqft,19.1264931098351,72.8293271354831,"55,000"
223,Veera Desai Road,Mumbai,3 BHK Flat 1255 sqft,19.140793043201,72.8367363728463,"60,000"
224,Andheri West,Mumbai,2 BHK Flat 900 sqft,19.1297376,72.8291555,"52,000"
225,Amboli,Mumbai,"1 BHK 668 Sq-ft Flat/Apartment for Rent in Amboli, Mumbai",19.147872924804688,72.84236907958984,"28,000"
226,Andheri West,Mumbai,5 BHK Flat 2308 sqft,19.1417141806255,72.828495599599,3.5 Lac
227,Four Bungalows,Mumbai,"1 BHK 400 Sq-ft Flat/Apartment for Rent in Four Bungalows, Mumbai",19.147872924804688,72.84236907958984,"28,000"
228,Andheri West,Mumbai,"1 BHK 785 Sq-ft Flat/Apartment for Rent in Andheri West, Mumbai",19.146963119506836,72.8429946899414,"37,500"
229,Andheri West,Mumbai,3 BHK Flat 1900 sqft,19.1297376,72.8291555,"80,000"
230,Andheri West,Mumbai,"2 BHK 800 Sq-ft Flat/Apartment for Rent in Andheri West, Mumbai",19.146963119506836,72.8429946899414,"55,000"
231,Andheri West,Mumbai,2 BHK Builder Floor 600 sqft,19.12421987,72.83204544,"35,000"
232,Andheri West,Mumbai,1 BHK Flat 640 sqft,19.120449,72.839241,"30,000"
233,Andheri West,Mumbai,Flat,19.119962692260742,72.83988189697266,"7,500"
234,Andheri West,Mumbai,1 BHK Flat 600 sqft,19.1222726,72.8376584,"37,000"
235,Andheri West,Mumbai,"1 BHK 450 Sq-ft Flat/Apartment for Rent in Andheri West, Mumbai",19.1297376,72.8291555,"32,000"
236,4 Bunglows,Mumbai,2 BHK Flat 1200 sqft,19.134302,72.8262572,"55,000"
237,Andheri West,Mumbai,"2 BHK 850 Sq-ft Flat/Apartment for Rent in Andheri West, Mumbai",19.147872924804688,72.84236907958984,"50,000"
238,Milat Nagar,Mumbai,"2 BHK 750 Sq-ft Flat/Apartment for Rent in Millat Nagar, Mumbai",19.147872924804688,72.84236907958984,"38,000"
239,Andheri West,Mumbai,"2 BHK 750 Sq-ft Flat/Apartment for Rent in Andheri West, Mumbai",19.1297376,72.8291555,"26,000"
240,Four Bungalows,Mumbai,"2 BHK 700 Sq-ft Flat/Apartment for Rent in Four Bungalows, Mumbai",19.14061737060547,72.82339477539062,"47,000"
241,Andheri West,Mumbai,1 BHK Flat 600 sqft,19.1297376,72.8291555,"45,000"
242,Yari Road,Mumbai,"3 BHK 1330 Sq-ft Flat/Apartment for Rent in Yari Road, Mumbai",19.147912979125977,72.84237670898438,"81,000"
243,Andheri West,Mumbai,"1 BHK 550 Sq-ft Flat/Apartment for Rent in Andheri West, Mumbai",19.129737854003906,72.82915496826172,"25,000"
244,Andheri West,Mumbai,"2 BHK 900 Sq-ft Flat/Apartment for Rent in Andheri West, Mumbai",19.129737854003906,72.82915496826172,"75,000"
245,Andheri West,Mumbai,2 BHK Flat 900 sqft,19.123931280381,72.839442396941,"48,000"
246,Andheri West,Mumbai,3 BHK Builder Floor 1260 sqft,19.1297376,72.8291555,"60,000"
247,D.N. Nagar,Mumbai,2 BHK Flat 900 sqft,19.1288671,72.83303431,"40,000"
248,Andheri West,Mumbai,2 BHK Flat 810 sqft,19.1179916,72.8339,"43,000"
249,Andheri West,Mumbai,Studio Apartment 450 sqft,19.1297376,72.8291555,"31,000"
250,Andheri West,Mumbai,"2 BHK 1100 Sq-ft Flat/Apartment for Rent in Andheri West, Mumbai",19.14811897277832,72.8423080444336,"47,000"
251,Andheri West,Mumbai,2 BHK Flat 1000 sqft,19.140062,72.829136,"85,000"
252,Andheri West,Mumbai,"2 BHK 850 Sq-ft Flat/Apartment for Rent in Andheri West, Mumbai",19.129737854003906,72.82915496826172,"52,000"
253,Andheri West,Mumbai,2 BHK Flat 1350 sqft,19.1391696,72.8263191,"60,000"
254,Veera Desai Road,Mumbai,2 BHK Flat 960 sqft,19.137356,72.836955,"60,000"
255,Andheri West,Mumbai,"2 BHK 900 Sq-ft Flat/Apartment for Rent in Andheri West, Mumbai",19.1297376,72.8291555,"50,000"
256,Andheri West,Mumbai,"2 BHK 1050 Sq-ft Flat/Apartment for Rent in Andheri West, Mumbai",19.119186401367188,72.86360168457031,"49,000"
257,Andheri West,Mumbai,"3 BHK 2000 Sq-ft Flat/Apartment for Rent in Opposite Nana Nani Park, Mumbai",19.1297376,72.8291555,"80,000"
258,Andheri West,Mumbai,1 BHK Flat 600 sqft,19.1284235,72.8198761,"35,000"
259,Andheri West,Mumbai,"2 BHK 1250 Sq-ft Flat/Apartment for Rent in Andheri West, Mumbai",19.1469669342041,72.84302520751953,"50,000"
260,Andheri West,Mumbai,"1 BHK 540 Sq-ft Flat/Apartment for Rent in Juhu Lane, Mumbai",19.119300842285156,72.8646469116211,"40,000"
261,Andheri West,Mumbai,1 BHK Penthouse 380 sqft,19.129737854003906,72.82915496826172,"12,000"
262,Andheri West,Mumbai,4 BHK Flat 1990 sqft,19.1448936,72.8368073,1.0 Lac
263,Andheri West,Mumbai,1 BHK Flat 455 sqft,19.1373587,72.8287447,"37,000"
264,Andheri West,Mumbai,"1 BHK 550 Sq-ft Flat/Apartment for Rent in Andheri West, Mumbai",19.1297376,72.8291555,"28,000"
265,Four Bungalows,Mumbai,Studio Apartment 240 sqft,19.125370025634766,72.8254165649414,"25,500"
266,Andheri West,Mumbai,"5 BHK 2500 Sq-ft Flat/Apartment for Rent in Andheri West, Mumbai",19.14811897277832,72.8423080444336,1.8 Lac
267,Andheri West,Mumbai,2 BHK Flat 1200 sqft,19.1297376,72.8291555,"42,000"
268,Andheri West,Mumbai,1 BHK Flat 450 sqft,19.12407381,72.84328587,"28,000"
269,Andheri West,Mumbai,4 BHK Flat 2800 sqft,19.1450178,19.1450178,2.0 Lac
270,Andheri West,Mumbai,3 BHK Flat 1964 sqft,19.129387,72.827935,1.4 Lac
271,Andheri West,Mumbai,"3 BHK 1300 Sq-ft Flat/Apartment for Rent in Andheri West, Mumbai",19.16193962097168,72.83670043945312,"85,000"
272,Indian Oil Nagar - Andheri West,Mumbai,2 BHK Flat 850 sqft,19.1240734,72.8470193,"50,000"
273,Andheri West,Mumbai,"1 BHK 380 Sq-ft Flat/Apartment for Rent in Andheri West, Mumbai",19.116424560546875,72.84286499023438,"13,000"
274,Laxmi Industrial Estate,Mumbai,1 BHK Flat 600 sqft,19.13537,72.8293,"45,000"
275,Andheri West,Mumbai,3 BHK Flat 1500 sqft,19.1448936,72.8368073,"77,000"
276,Andheri West,Mumbai,"2 BHK 1050 Sq-ft Flat/Apartment for Rent in Andheri West, Mumbai",19.1297376,72.8291555,"64,350"
277,Andheri West,Mumbai,"1 BHK 220 Sq-ft Flat/Apartment for Rent in Andheri West, Mumbai",19.1297376,72.8291555,"5,100"
278,Four Bungalows,Mumbai,2 BHK Flat 1050 sqft,19.134302,72.8262572,"25,000"
279,Andheri West,Mumbai,"2 BHK 800 Sq-ft Flat/Apartment for Rent in andheri west, Mumbai",19.1297376,72.8291555,"5,000"
280,Andheri West,Mumbai,2 BHK Flat 1000 sqft,19.138865,72.834731,"30,000"
281,Andheri West,Mumbai,2 BHK Builder Floor 800 sqft,19.1297376,72.8291555,"5,000"
282,Andheri West,Mumbai,2 BHK Builder Floor 1200 sqft,19.12435582,72.83202112,"9,000"
283,Four Bungalows,Mumbai,"1 BHK 700 Sq-ft Flat/Apartment for Rent in Four Bungalows, Mumbai",19.147991180419922,72.84226989746094,"6,500"
284,Yari Road,Mumbai,"1 BHK 700 Sq-ft Flat/Apartment for Rent in Yari Road, Mumbai",19.138320922851562,72.81002044677734,"8,000"
285,Gilbert Hill,Mumbai,2 BHK Flat 1150 sqft,19.1213166,72.8373532,"10,000"
286,Yari Road,Mumbai,"3 BHK 1700 Sq-ft Flat/Apartment for Rent in Yari Road, Mumbai",19.14811897277832,72.8423080444336,"26,000"
287,Versova Village,Mumbai,Studio Apartment 440 sqft,0.0,0.0,"10,000"
288,Andheri West,Mumbai,"1 BHK 200 Sq-ft Flat/Apartment for Rent in Andheri West, Mumbai",19.1297376,72.8291555,"4,000"
289,Yari Road,Mumbai,3 BHK Flat 1600 sqft,19.1398553,72.8102545,"65,000"
290,Andheri West,Mumbai,2 BHK Flat 1050 sqft,19.134302,72.8262572,"13,500"
291,Lokhandwala Complex,Mumbai,"1 BHK 500 Sq-ft Flat/Apartment for Rent in Lokhandwala Complex, Mumbai",19.14413,72.8241,"12,000"
292,Andheri West,Mumbai,2 BHK Flat 1000 sqft,19.149266,72.833536,"26,000"
293,Andheri West,Mumbai,"1 BHK 800 Sq-ft Flat/Apartment for Rent in Andheri West, Mumbai",19.141008377075195,72.80912017822266,"12,000"
294,Andheri West,Mumbai,1 BHK Flat 500 sqft,19.1297376,72.8291555,"7,500"
295,Andheri West,Mumbai,1 BHK Flat 600 sqft,19.1253747,72.8254158,"10,200"
296,Azad Nagar 2,Mumbai,"2 BHK 900 Sq-ft Flat/Apartment for Rent in Azad Nagar 2, Mumbai",19.131203,72.834365,"11,000"
297,Yari Road,Mumbai,"1 BHK 200 Sq-ft Flat/Apartment for Rent in Yari Road, Mumbai",72.81002044677734,19.138320922851562,"8,000"
298,Andheri West,Mumbai,Flat,19.1297376,72.8291555,
299,Andheri West,Mumbai,3 BHK 1590 Sq-ft Flat/Apartment for Rent in Runwal Elegante Andheri West,19.1417141806255,72.828495599599,"92,000"
300,Andheri West,Mumbai,2 BHK 1000 Sq-ft Flat/Apartment for Rent in Chitralekha HERRITAGE Andheri West,19.13605492,72.83612939,"55,000"
301,Andheri West,Mumbai,3 BHK 2000 Sq-ft Flat/Apartment for Rent in Runwal Elegante Andheri West,19.1417141806255,72.828495599599,1.2 Lac
302,Lokhandwala Complex,Mumbai,3 BHK 1295 Sq-ft Flat/Apartment for Rent in Oberoi Springs Lokhandwala Complex,19.138865,72.834731,1.0 Lac
303,4 Bunglows,Mumbai,2 BHK Flat 1065 sqft,19.116300582885742,72.83219909667969,"60,000"
304,Seven Bungalows,Mumbai,2 BHK Flat 1000 sqft,19.12842,72.81988,"72,500"
305,Andheri West,Mumbai,2 BHK Flat 1100 sqft,19.151233673095703,72.82878875732422,"58,000"
306,Yari Road,Mumbai,1 BHK Flat 700 sqft,19.142671585083008,72.80978393554688,"34,000"
307,Lokhandwala Complex,Mumbai,4 BHK 2871 Sq-ft Flat/Apartment for Rent in Oberoi Sky Heights Lokhandwala Complex,19.1430097,72.8226586,3.5 Lac
308,Andheri West,Mumbai,3 BHK Flat 1450 sqft,19.13408088684082,72.82569885253906,"80,000"
309,SV Patel Nagar,Mumbai,3 BHK Flat 1250 sqft,19.138181686401367,72.821533203125,"75,000"
310,D.N. Nagar,Mumbai,2 BHK 1060 Sq-ft Flat/Apartment for Rent in Sai Krishna kunj D.N. Nagar,19.1224809,72.8454287,"42,000"
311,Andheri West,Mumbai,2 BHK Flat 1050 sqft,19.1297376,72.8291555,"55,500"
312,Andheri West,Mumbai,1 BHK 510 Sq-ft Flat/Apartment for Rent in 7 Bungalow seven bunglows,19.1284235,72.8198761,"42,000"
313,D.N. Nagar,Mumbai,2 BHK Flat 1150 sqft,19.124189376831055,72.83020782470703,"48,500"
314,D.N. Nagar,Mumbai,2 BHK Flat 850 sqft,19.116235733032227,72.83061981201172,"50,000"
315,Lokhandwala Complex,Mumbai,3 BHK Flat 1600 sqft,19.129737854003906,72.82915496826172,1.0 Lac
316,D.N. Nagar,Mumbai,4 BHK Flat 2707 sqft,19.12938690185547,72.82793426513672,1.6 Lac
317,Lokhandwala Complex,Mumbai,4 BHK Flat 4300 sqft,19.15227699279785,72.8326644897461,2.5 Lac
318,Andheri West,Mumbai,3 BHK 1844 Sq-ft Flat/Apartment for Rent in HDIL Metropolis Andheri West,19.130537,72.828494,"69,000"
319,Andheri West,Mumbai,4 BHK 2850 Sq-ft Flat/Apartment for Rent in Oberoi Sky Heights Andheri West,19.1430097,72.8226586,3.5 Lac
320,D.N. Nagar,Mumbai,3 BHK 2350 Sq-ft Flat/Apartment for Rent in Bharat Sky Vistas Bluez D.N. Nagar,19.223518,72.86522,1.1 Lac
321,Andheri West,Mumbai,2 BHK 970 Sq-ft Flat/Apartment for Rent in Shree Sai Krishna CHS Andheri West,19.12435582,72.83202112,"42,000"
322,D.N. Nagar,Mumbai,2 BHK Flat 1000 sqft,19.12419,72.83021,"55,000"
323,Andheri West,Mumbai,2 BHK Flat 800 sqft,19.1201686,72.8292084,"57,000"
324,Andheri West,Mumbai,2 BHK Flat 1150 sqft,19.129737854003906,72.82915496826172,"70,000"
325,Seven Bungalows,Mumbai,1 BHK Flat 500 sqft,19.132671356201172,72.81855773925781,"30,000"
326,4 Bunglows,Mumbai,3 BHK Flat 1600 sqft,0.0,0.0,1.4 Lac
327,Lokhandwala Complex,Mumbai,2 BHK Flat 850 sqft,19.14413070678711,72.8240966796875,"50,000"
328,Four Bungalows,Mumbai,3 BHK 1400 Sq-ft Flat/Apartment for Rent in Evershine Green Four Bungalows,19.1463311089977,72.834625772999,"80,000"
329,Andheri West,Mumbai,3 BHK 1640 Sq-ft Flat/Apartment for Rent in HDIL Metropolis Andheri West,19.130537,72.828494,"72,000"
330,Andheri West,Mumbai,1 BHK Flat 600 sqft,19.129737854003906,72.82915496826172,"45,000"
331,Andheri West,Mumbai,1 BHK Flat 600 sqft,19.129737854003906,72.82915496826172,"42,000"
332,Seven Bungalows,Mumbai,2 BHK 1000 Sq-ft Flat/Apartment for Rent in 7 Bungalow Seven Bungalows,19.1284235,72.8198761,"70,000"
333,Andheri West,Mumbai,3 BHK 2250 Sq-ft Flat/Apartment for Rent in Cliff Tower Andheri West,19.120664239261,72.8829252220014,1.4 Lac
334,Veera Desai Road,Mumbai,2 BHK Flat 1190 sqft,19.12857437133789,72.83168029785156,"63,000"
335,Andheri West,Mumbai,4 BHK 2500 Sq-ft Flat/Apartment for Rent in Beverly Hills and Royal Empire Andheri West,19.138438,72.8246908,1.5 Lac
336,Andheri West,Mumbai,1 BHK Flat 700 sqft,19.129737854003906,72.82915496826172,"47,000"
337,Andheri West,Mumbai,1 BHK Flat 650 sqft,19.129737854003906,72.82915496826172,"34,000"
338,Milat Nagar,Mumbai,1 BHK 600 Sq-ft Flat/Apartment for Rent in Oakland Park Millat Nagar,19.14854373,72.82665218,"45,000"
339,Juhu Versova Link Road - Andheri West,Mumbai,2 BHK 1285 Sq-ft Flat/Apartment for Rent in KshitiJ Apartment Juhu Versova Link,19.1272873,72.8353798,"60,000"
340,4 Bunglows,Mumbai,4 BHK 2000 Sq-ft Flat/Apartment for Rent in Western Heights 4 Bunglows,19.129387,72.827935,1.4 Lac
341,Lokhandwala Complex,Mumbai,3 BHK 1700 Sq-ft Flat/Apartment for Rent in Green Acres Apartment Lokhandwala Complex,19.147541,72.8251127,1.3 Lac
342,D.N. Nagar,Mumbai,2 BHK Flat 1000 sqft,19.12419,72.83021,"50,000"
343,Lokhandwala Complex,Mumbai,1 BHK Flat 630 sqft,19.14413,72.8241,"35,000"
344,4 Bunglows,Mumbai,1 BHK Flat 550 sqft,19.128477096557617,72.82357025146484,"36,000"
345,Andheri West,Mumbai,4 BHK 2400 Sq-ft Flat/Apartment for Rent in Raheja Classique Andheri West,19.140062,72.829136,1.8 Lac
346,D.N. Nagar,Mumbai,2 BHK Flat 850 sqft,19.12419,72.83021,"48,000"
347,4 Bunglows,Mumbai,4 BHK 2490 Sq-ft Flat/Apartment for Rent in HDIL Metropolis 4 Bunglows,19.130537,72.828494,"95,000"
348,Lokhandwala Complex,Mumbai,3 BHK 1850 Sq-ft Flat/Apartment for Rent in Samarth Aangan Lokhandwala Complex,19.15038469,72.82855247,"85,000"
349,Seven Bungalows,Mumbai,2 BHK Flat 1000 sqft,19.12842,72.81988,"62,000"
350,Andheri West,Mumbai,2 BHK 1000 Sq-ft Flat/Apartment for Rent in Sunrise Apartment Andheri West,19.1391426,72.8325158,"55,000"
351,Lokhandwala Complex,Mumbai,1 BHK 650 Sq-ft Flat/Apartment for Rent in Jupiter Apartment Lokhandwala Complex,19.14413,72.8241,"35,000"
352,Andheri West,Mumbai,3 BHK 1760 Sq-ft Flat/Apartment for Rent in Runwal Elegante Andheri West,19.1417141806255,72.828495599599,1.2 Lac
353,Andheri West,Mumbai,3 BHK Flat 1500 sqft,72.82915496826172,19.129737854003906,"60,000"
354,Azad Nagar - Andheri West,Mumbai,2 BHK Flat 1000 sqft,19.289030075073242,72.87570190429688,"53,000"
355,Andheri West,Mumbai,4 BHK 2100 Sq-ft Flat/Apartment for Rent in Evershine Cosmic Andheri West,19.1448936,72.8368073,1.3 Lac
356,Veera Desai Chowk,Mumbai,1 BHK 545 Sq-ft Flat/Apartment for Rent in Evershine Park Veera Desai Chowk,19.1378673,72.8361027,"34,500"
357,Andheri West,Mumbai,3 BHK 1600 Sq-ft Flat/Apartment for Rent in AlKa Apartments Andheri West,19.11730937,72.84442876,"70,000"
358,Lokhandwala Complex,Mumbai,3 BHK 1295 Sq-ft Flat/Apartment for Rent in Oberoi Springs Lokhandwala Complex,19.138865,72.834731,1.0 Lac
359,Andheri West,Mumbai,1 BHK Builder Floor 600 sqft,19.127283096313477,72.84325408935547,"28,000"
360,Andheri West,Mumbai,8 BHK 7600 Sq-ft Flat/Apartment for Rent in Windsor Grande Residences Andheri West,19.1508537582477,72.8328921902958,7.0 Lac
361,Azad Nagar 2,Mumbai,2 BHK Flat 900 sqft,19.131202697753906,72.83436584472656,"45,000"
362,Andheri West,Mumbai,1 BHK Flat 600 sqft,19.1297376,72.8291555,"18,000"
363,D.N. Nagar,Mumbai,4 BHK 3300 Sq-ft Flat/Apartment for Rent in Windsor Grande Residences D.N. Nagar,19.1508537582477,72.8328921902958,2.8 Lac
364,Andheri West,Mumbai,1 BHK Flat 495 sqft,19.129737854003906,72.82915496826172,"26,000"
365,D.N. Nagar,Mumbai,1 BHK Flat 650 sqft,19.12425422668457,72.82997131347656,"33,000"
366,Lokhandwala Complex,Mumbai,2 BHK Flat 750 sqft,19.14413,72.8241,"40,000"
367,Andheri West,Mumbai,1 BHK Flat 400 sqft,19.129737854003906,72.82915496826172,"30,000"
368,Andheri West,Mumbai,1 BHK Flat 350 sqft,19.129737854003906,72.82915496826172,"22,000"
369,Andheri West,Mumbai,2 BHK 1092 Sq-ft Flat/Apartment for Rent in The Lumiere Mahda colony Versova,19.1367541,72.8214303,"57,000"
370,Andheri West,Mumbai,2 BHK 1092 Sq-ft Flat/Apartment for Rent in The Lumiere Andheri West,19.1367541,72.8214303,"57,000"
371,Andheri West,Mumbai,3 BHK Flat 1500 sqft,19.147024154663086,72.82295989990234,1.4 Lac
372,Andheri West,Mumbai,3 BHK 1650 Sq-ft Flat/Apartment for Rent in Western Heights Andheri West,19.129387,72.827935,1.1 Lac
373,Four Bungalows,Mumbai,3 BHK 1860 Sq-ft Flat/Apartment for Rent in HDIL Metropolis Four Bungalows,19.130537,72.828494,"76,000"
374,D.N. Nagar,Mumbai,3 BHK Flat 2200 sqft,19.12419,72.83021,"90,000"
375,Seven Bungalows,Mumbai,3 BHK Flat 1500 sqft,19.12842,72.81988,"65,000"
376,Andheri West,Mumbai,2 BHK 900 Sq-ft Flat/Apartment for Rent in Rustomjee Elements Andheri West,19.120471,72.82818,"54,000"
377,D.N. Nagar,Mumbai,2 BHK Flat 1000 sqft,19.126972198486328,72.8321304321289,"50,000"
378,Andheri West,Mumbai,4 BHK 3780 Sq-ft Flat/Apartment for Rent in Rustomjee Elements Andheri West,19.120471,72.82818,4.0 Lac
379,Lokhandwala Complex,Mumbai,1 BHK 525 Sq-ft Flat/Apartment for Rent in Saranga Tower Lokhandwala Complex,19.1436846,72.8219738,"45,000"
380,Azad Nagar 2,Mumbai,2 BHK Flat 1200 sqft,19.131202697753906,72.83436584472656,"50,000"
381,Andheri West,Mumbai,3 BHK 1955 Sq-ft Flat/Apartment for Rent in Rustomjee Elita Andheri West,19.123135,72.8256728,1.2 Lac
382,Andheri West,Mumbai,3 BHK 2400 Sq-ft Flat/Apartment for Rent in Het Kunj B Andheri West,19.1297376,72.8291555,1.0 Lac
383,Andheri West,Mumbai,3 BHK Flat 1750 sqft,19.1297376,72.8291555,"85,000"
384,Andheri West,Mumbai,4 BHK 4300 Sq-ft Flat/Apartment for Rent in Windsor Grande Residences Andheri West,19.1508537582477,72.8328921902958,3.3 Lac
385,Andheri West,Mumbai,1 BHK 560 Sq-ft Flat/Apartment for Rent in Kishor Darshan Apartment Andheri West,19.12419502,72.82592126,"30,000"
386,Andheri West,Mumbai,3 BHK 1950 Sq-ft Flat/Apartment for Rent in HDIL Metropolis Andheri West,19.130537,72.828494,"75,000"
387,Lokhandwala Complex,Mumbai,1 BHK 400 Sq-ft Flat/Apartment for Rent in Empire Galaxy Lokhandwala Complex,19.1300811,72.86281598,"28,000"
388,Andheri West,Mumbai,1 BHK 650 Sq-ft Flat/Apartment for Rent in Galactica Apartment Andheri West,19.1297376,72.8291555,"45,000"
389,Andheri West,Mumbai,3 BHK 1600 Sq-ft Flat/Apartment for Rent in Green Acres Apartment Andheri West,19.147541,72.8251127,1.3 Lac
390,Andheri West,Mumbai,2 BHK 1000 Sq-ft Flat/Apartment for Rent in Everest Apartment Andheri West,19.12809637,72.81965429,1.0 Lac
391,Seven Bungalows,Mumbai,3 BHK 1400 Sq-ft Flat/Apartment for Rent in Kabra Metro One Seven Bungalows,19.133317838032806,72.81809513580086,"80,000"
392,Andheri West,Mumbai,3 BHK 1500 Sq-ft Flat/Apartment for Rent in Kabra Metro One Andheri West,19.133317838032806,72.81809513580086,"90,000"
393,Lokhandwala Complex,Mumbai,2 BHK 1250 Sq-ft Flat/Apartment for Rent in DLH Orchid Lokhandwala Complex,19.142096,72.826173,"55,000"
394,Andheri West,Mumbai,2 BHK 1100 Sq-ft Flat/Apartment for Rent in Sea Crest Apartment Andheri West,19.1297376,72.8291555,"60,000"
395,Andheri West,Mumbai,4 BHK 2001 Sq-ft Flat/Apartment for Rent in Western Heights Andheri West,19.129387,72.827935,1.2 Lac
396,Andheri West,Mumbai,3 BHK 1400 Sq-ft Flat/Apartment for Rent in Kabra Metro One Andheri West,19.133317838032806,72.81809513580086,"78,000"
397,D.N. Nagar,Mumbai,2 BHK 1000 Sq-ft Flat/Apartment for Rent in Kabra Paradise D.N. Nagar,19.126972,72.832134,"46,000"
398,Lokhandwala Complex,Mumbai,1 BHK 735 Sq-ft Flat/Apartment for Rent in Claridge Apartment Lokhandwala Complex,19.1441555,72.822009,"42,000"
399,Andheri West,Mumbai,2 BHK 650 Sq-ft Flat/Apartment for Rent in Datta Parag Apartment Andheri West,19.1329614,72.8117167,"49,000"
400,Lokhandwala Complex,Mumbai,1 BHK 630 Sq-ft Flat/Apartment for Rent in Versova Denzil CHS Lokhandwala Complex,19.14413,72.8241,"42,000"
401,Lokhandwala Complex,Mumbai,3 BHK 1850 Sq-ft Flat/Apartment for Rent in Raheja Classique Lokhandwala Complex,19.140062,72.829136,1.4 Lac
402,Andheri West,Mumbai,3 BHK 1755 Sq-ft Flat/Apartment for Rent in Western Heights Andheri West,19.129387,72.827935,1.3 Lac
403,4 Bunglows,Mumbai,2 BHK 850 Sq-ft Flat/Apartment for Rent in Blue Archi 4 Bunglows,19.1277844,72.8211992,"48,000"
404,Lokhandwala Complex,Mumbai,3 BHK Flat 1450 sqft,19.14413,72.8241,"55,000"
405,Lokhandwala Complex,Mumbai,4 BHK 2871 Sq-ft Flat/Apartment for Rent in Oberoi Sky Heights Lokhandwala Complex,19.1430097,72.8226586,3.3 Lac
406,Andheri West,Mumbai,1 BHK 550 Sq-ft Flat/Apartment for Rent in Project Shastri Nagar Andheri West,19.1389215,72.8287355,"39,000"
407,Lokhandwala Complex,Mumbai,4 BHK 3800 Sq-ft Flat/Apartment for Rent in Oberoi Sky Heights Lokhandwala Complex,19.1430097,72.8226586,2.7 Lac
408,Lokhandwala Complex,Mumbai,2 BHK 700 Sq-ft Flat/Apartment for Rent in Rohit Apartment Lokhandwala Complex,19.144902,72.8223124,"63,000"
409,Andheri West,Mumbai,2 BHK Flat 1200 sqft,19.129737854003906,72.82915496826172,"55,000"
410,Andheri West,Mumbai,3 BHK 1400 Sq-ft Flat/Apartment for Rent in Riya Palace Apartment Andheri West,19.145416,72.8225126,"85,000"
411,Andheri West,Mumbai,4 BHK 3000 Sq-ft Flat/Apartment for Rent in Western Heights Andheri West,19.129387,72.827935,1.3 Lac
412,Andheri West,Mumbai,1 BHK Flat 550 sqft,19.126564025878906,72.82965850830078,"30,000"
413,Andheri West,Mumbai,3 BHK 1200 Sq-ft Flat/Apartment for Rent in Hetali Navbahar Andheri West,19.1297376,72.8291555,"85,000"
414,Andheri West,Mumbai,2 BHK 1100 Sq-ft Flat/Apartment for Rent in Meghdoot Tower Andheri West,19.1450013456501,72.8216487174544,"55,000"
415,Andheri West,Mumbai,3 BHK 1450 Sq-ft Flat/Apartment for Rent in Raheja Classique Andheri West,19.140062,72.829136,"82,000"
416,Andheri West,Mumbai,3 BHK 2400 Sq-ft Flat/Apartment for Rent in Green Acres Apartment Andheri West,19.147541,72.8251127,1.0 Lac
417,Andheri West,Mumbai,3 BHK 1300 Sq-ft Flat/Apartment for Rent in Neminath Imperia Andheri West,19.13717564,72.82214632,"60,000"
418,Andheri West,Mumbai,2 BHK Flat 950 sqft,19.129737854003906,72.82915496826172,"48,000"
419,Andheri West,Mumbai,2 BHK 1050 Sq-ft Flat/Apartment for Rent in Chaitanya Jeevan Kanchan Andheri West,19.1297376,72.8291555,"45,000"
420,Andheri West,Mumbai,3 BHK 1250 Sq-ft Flat/Apartment for Rent in Andheri CHS Andheri West,19.115297,72.839762,"85,000"
421,Andheri West,Mumbai,2 BHK Flat 850 sqft,19.1297376,72.8291555,"40,000"
422,Andheri West,Mumbai,Studio Apartment 325 sqft,19.129737854003906,72.82915496826172,"17,000"
423,Four Bungalows,Mumbai,4 BHK 4500 Sq-ft Flat/Apartment for Rent in Ecstasy Parthenon Four Bungalows,19.134861,72.814632,3.5 Lac
424,Lokhandwala Complex,Mumbai,2 BHK 1050 Sq-ft Flat/Apartment for Rent in Supreme 19 Lokhandwala Complex,19.1450178,19.1450178,"70,000"
425,4 Bunglows,Mumbai,1 BHK 550 Sq-ft Flat/Apartment for Rent in Versova View 4 Bunglows,19.12537535,72.82477918,"38,000"
426,Andheri West,Mumbai,2 BHK 810 Sq-ft Flat/Apartment for Rent in Oshiwara mhada Andheri West,19.149266,72.833536,"60,000"
427,Andheri West,Mumbai,2 BHK 1200 Sq-ft Flat/Apartment for Rent in Brook Hill CHS LTD Lokhandwala Andheri West,19.14288065,72.82028796,"60,000"
428,Andheri West,Mumbai,4 BHK 2120 Sq-ft Flat/Apartment for Rent in HDIL Metropolis Andheri West,19.130537,72.828494,"89,000"
429,D.N. Nagar,Mumbai,2 BHK 900 Sq-ft Flat/Apartment for Rent in Sai Krishna kunj D.N. Nagar,19.1224809,72.8454287,"40,000"
430,Lokhandwala Complex,Mumbai,3 BHK 1850 Sq-ft Flat/Apartment for Rent in Green Acres Apartment Lokhandwala Complex,19.147541,72.8251127,1.3 Lac
431,Lokhandwala Complex,Mumbai,4 BHK 1875 Sq-ft Flat/Apartment for Rent in Rushi Tower Lokhandwala Complex,19.1463971,72.823466,1.3 Lac
432,Seven Bungalows,Mumbai,1 BHK Flat 615 sqft,19.127954483032227,72.82280731201172,"39,000"
433,D.N. Nagar,Mumbai,3 BHK 1750 Sq-ft Flat/Apartment for Rent in Western Heights D.N. Nagar,19.129387,72.827935,1.1 Lac
434,Andheri West,Mumbai,2 BHK 1300 Sq-ft Flat/Apartment for Rent in Evershine Green Andheri West,19.1463311089977,72.834625772999,"52,000"
435,Andheri West,Mumbai,3 BHK 2126 Sq-ft Flat/Apartment for Rent in Western Heights Andheri West,19.129387,72.827935,1.0 Lac
436,Lokhandwala Complex,Mumbai,3 BHK 1295 Sq-ft Flat/Apartment for Rent in Oberoi Springs Lokhandwala Complex,19.138865,72.834731,"93,000"
437,Veera Desai Road,Mumbai,3 BHK 1600 Sq-ft Flat/Apartment for Rent in Evershine Embassy Veera Desai Road,19.140793043201,72.8367363728463,"90,000"
438,Four Bungalows,Mumbai,3 BHK 2150 Sq-ft Flat/Apartment for Rent in Western Heights Four Bungalows,19.129387,72.827935,1.4 Lac
439,Azad Nagar 2,Mumbai,2 BHK 1300 Sq-ft Flat/Apartment for Rent in RNA Sapphire Azad Nagar 2,19.1298187,72.8346079,"55,000"
440,Andheri West,Mumbai,4 BHK Flat 3000 sqft,19.135074615478516,72.81045532226562,1.5 Lac
441,Andheri West,Mumbai,2 BHK Flat 1000 sqft,19.14198112487793,72.83124542236328,"45,000"
442,SV Patel Nagar,Mumbai,3 BHK 1250 Sq-ft Flat/Apartment for Rent in Neminath Luxeria SV Patel Nagar,19.13792563,72.82182797,"65,000"
443,4 Bunglows,Mumbai,2 BHK 1068 Sq-ft Flat/Apartment for Rent in Itus 4 Bunglows,19.116300944375464,72.83220084466467,"55,000"
444,Andheri West,Mumbai,3 BHK Flat 2100 sqft,19.1297376,72.8291555,1.1 Lac
445,Andheri West,Mumbai,2 BHK Flat 850 sqft,19.13919448852539,72.82551574707031,"44,000"
446,Andheri West,Mumbai,1 BHK 480 Sq-ft Flat/Apartment for Rent in 7 Bungalow Off Seven Bungalows,19.1284235,72.8198761,"32,000"
447,Andheri West,Mumbai,3 BHK 1410 Sq-ft Flat/Apartment for Rent in Runwal Elegante Andheri West,19.1417141806255,72.828495599599,"91,000"
448,Lokhandwala Complex,Mumbai,1 BHK Flat 500 sqft,19.141223907470703,72.82490539550781,"36,000"
449,Andheri West,Mumbai,"2 BHK 1100 Sq-ft Flat/Apartment for Rent in Raheja Classique Raheja Classique, Andheri West",19.140062,72.829136,"80,000"
450,Lokhandwala Complex,Mumbai,4 BHK 2850 Sq-ft Flat/Apartment for Rent in Oberoi Sky Heights Lokhandwala Complex,19.1430097,72.8226586,3.5 Lac
451,Amboli,Mumbai,3 BHK Flat 1650 sqft,19.1257992,72.8448476,"85,000"
452,Andheri West,Mumbai,3 BHK 2145 Sq-ft Flat/Apartment for Rent in Western Heights Andheri West,19.129387,72.827935,1.3 Lac
453,Lokhandwala Complex,Mumbai,1 BHK 680 Sq-ft Flat/Apartment for Rent in Ballerina Apartment Lokhandwala Complex,19.1453034,72.8232374,"45,000"
454,Andheri West,Mumbai,2 BHK Flat 1150 sqft,19.129737854003906,72.82915496826172,"65,000"
455,Andheri West,Mumbai,3 BHK 1100 Sq-ft Flat/Apartment for Rent in DLH Swakrut Andheri West,19.1240734,72.8470193,"62,000"
456,Shri Swami Samarth Nagar,Mumbai,Studio Apartment 400 sqft,72.8240966796875,19.14413070678711,"28,000"
457,4 Bunglows,Mumbai,2 BHK Flat 890 sqft,0.0,0.0,"40,000"
458,Andheri West,Mumbai,3 BHK 1944 Sq-ft Flat/Apartment for Rent in HDIL Metropolis Andheri West,19.130537,72.828494,"74,000"
459,Andheri West,Mumbai,3 BHK Flat 1600 sqft,19.129737854003906,72.82915496826172,1.1 Lac
460,Seven Bungalows,Mumbai,1 BHK Flat 550 sqft,19.128419876098633,72.81987762451172,"32,000"
461,Seven Bungalows,Mumbai,2 BHK 1100 Sq-ft Flat/Apartment for Rent in 7 Bungalow Seven Bungalows,19.1284235,72.8198761,"90,000"
462,Andheri West,Mumbai,2 BHK Flat 850 sqft,19.121522903442383,72.83191680908203,"50,000"
463,Four Bungalows,Mumbai,3 BHK Flat 2500 sqft,19.125370025634766,72.8254165649414,"90,000"
464,4 Bunglows,Mumbai,2 BHK 1365 Sq-ft Flat/Apartment for Rent in Western Heights 4 Bunglows,19.129387,72.827935,"85,000"
465,Veera Desai Road,Mumbai,2 BHK 700 Sq-ft Flat/Apartment for Rent in Prathmesh Park Veera Desai Road,19.1377099,72.8245452,"50,000"
466,Andheri West,Mumbai,2 BHK 1060 Sq-ft Flat/Apartment for Rent in Trishul Apartment 7 bunglows versova,19.1430577,72.8253797,"65,000"
467,Andheri West,Mumbai,3 BHK 1400 Sq-ft Flat/Apartment for Rent in Kabra Metro One Andheri West,19.133317838032806,72.81809513580086,"90,000"
468,D.N. Nagar,Mumbai,3 BHK 1550 Sq-ft Flat/Apartment for Rent in Rustomjee Elita D.N. Nagar,19.123135,72.8256728,1.4 Lac
469,4 Bunglows,Mumbai,3 BHK 2000 Sq-ft Flat/Apartment for Rent in Rustomjee Elita 4 Bunglows,19.123135,72.8256728,2.0 Lac
470,Andheri West,Mumbai,2 BHK 1035 Sq-ft Flat/Apartment for Rent in Gypsy Rose Andheri West,19.1393596,72.8254356,"57,000"
471,Yari Road,Mumbai,2 BHK 1011 Sq-ft Flat/Apartment for Rent in Chanchal Kalyan Complex Yari Road,19.13832,72.81002,"55,000"
472,Azad Nagar 2,Mumbai,2 BHK 1584 Sq-ft Flat/Apartment for Rent in Oberoi Springs Azad Nagar 2,19.138865,72.834731,1.3 Lac
473,Juhu Versova Link Road - Andheri West,Mumbai,4 BHK Flat 1800 sqft,19.123052,72.824523,"90,000"
474,Lokhandwala Complex,Mumbai,3 BHK 1600 Sq-ft Flat/Apartment for Rent in DLH Orchid Lokhandwala Complex,19.142096,72.826173,"75,000"
475,Veera Desai Road,Mumbai,2 BHK 1100 Sq-ft Flat/Apartment for Rent in Gundecha Symphony Veera Desai Road,19.137356,72.836955,"60,000"
476,Lokhandwala Complex,Mumbai,2 BHK Flat 1000 sqft,19.14413,72.8241,"65,000"
477,Lokhandwala Complex,Mumbai,3 BHK 2700 Sq-ft Flat/Apartment for Rent in Runwal Elegante Lokhandwala Complex,19.1417141806255,72.828495599599,1.4 Lac
478,Andheri West,Mumbai,2 BHK Flat 1080 sqft,19.13768768310547,72.8239517211914,"40,000"
479,Lokhandwala Complex,Mumbai,3 BHK 2195 Sq-ft Flat/Apartment for Rent in Runwal Elegante Lokhandwala Complex,19.1417141806255,72.828495599599,1.5 Lac
480,Andheri West,Mumbai,3 BHK Flat 1300 sqft,72.82915496826172,19.129737854003906,"42,000"
481,4 Bunglows,Mumbai,4 BHK 2700 Sq-ft Flat/Apartment for Rent in Western Heights 4 Bunglows,19.129387,72.827935,1.5 Lac
482,Andheri West,Mumbai,4 BHK 1700 Sq-ft Flat/Apartment for Rent in Evershine Cosmic Andheri West,19.1448936,72.8368073,1.1 Lac
483,Andheri West,Mumbai,3 BHK 1800 Sq-ft Flat/Apartment for Rent in AlKa Apartments Andheri West,19.11730937,72.84442876,"75,000"
484,Seven Bungalows,Mumbai,2 BHK 1065 Sq-ft Flat/Apartment for Rent in Kabra Metro One Seven Bungalows,19.133317838032806,72.81809513580086,"55,000"
485,Andheri West,Mumbai,1 BHK Flat 650 sqft,19.13405418395996,72.8225326538086,"35,000"
486,Andheri West,Mumbai,4 BHK 3300 Sq-ft Flat/Apartment for Rent in Windsor Grande Residences Andheri West,19.1508537582477,72.8328921902958,2.3 Lac
487,Four Bungalows,Mumbai,2 BHK Flat 900 sqft,19.125370025634766,72.8254165649414,"47,000"
488,Andheri West,Mumbai,1 BHK Flat 650 sqft,19.129737854003906,72.82915496826172,"35,000"
489,4 Bunglows,Mumbai,1 BHK Flat 680 sqft,0.0,0.0,"40,000"
490,Lokhandwala Complex,Mumbai,2 BHK Flat 760 sqft,19.14413070678711,72.8240966796875,"42,000"
491,Andheri West,Mumbai,2 BHK 1200 Sq-ft Flat/Apartment for Rent in Chitralekha HERRITAGE Andheri West,19.13605492,72.83612939,"55,000"
492,Andheri West,Mumbai,3 BHK 1610 Sq-ft Flat/Apartment for Rent in Runwal Elegante Andheri West,19.1417141806255,72.828495599599,1.3 Lac
493,Veera Desai Road,Mumbai,3 BHK 1270 Sq-ft Flat/Apartment for Rent in Evershine Embassy Veera Desai Road,19.140793043201,72.8367363728463,"56,000"
494,Andheri West,Mumbai,3 BHK 1650 Sq-ft Flat/Apartment for Rent in Western Heights Andheri West,19.129387,72.827935,1.3 Lac
495,Four Bungalows,Mumbai,4 BHK 2550 Sq-ft Flat/Apartment for Rent in HDIL Metropolis Four Bungalows,19.130537,72.828494,"98,000"
496,Seven Bungalows,Mumbai,2 BHK Flat 1100 sqft,19.12842,72.81988,"90,000"
497,Seven Bungalows,Mumbai,3 BHK Flat 1600 sqft,19.12660789489746,72.81883239746094,1.2 Lac
498,Andheri West,Mumbai,3 BHK 1295 Sq-ft Flat/Apartment for Rent in Oberoi Springs Andheri West,19.138865,72.834731,"90,000"
499,D.N. Nagar,Mumbai,2 BHK 1000 Sq-ft Flat/Apartment for Rent in Kabra Paradise D.N. Nagar,19.126972,72.832134,"50,000"
500,Andheri West,Mumbai,5 BHK 5130 Sq-ft Flat/Apartment for Rent in Rustomjee Elements Andheri West,19.120471,72.82818,6.0 Lac
501,Andheri West,Mumbai,2 BHK 1150 Sq-ft Flat/Apartment for Rent in 4 Bungalow Andheri West,19.1253747,72.8254158,"52,000"
502,Andheri West,Mumbai,5 BHK 3835 Sq-ft Flat/Apartment for Rent in Runwal Elegante Andheri West,19.1417141806255,72.828495599599,2.5 Lac
503,Andheri West,Mumbai,3 BHK 1295 Sq-ft Flat/Apartment for Rent in Oberoi Springs Off New Link Road,19.138865,72.834731,1.2 Lac
504,D.N. Nagar,Mumbai,2 BHK 1245 Sq-ft Flat/Apartment for Rent in DLH Imur D.N. Nagar,19.1301965230907,72.8323422715259,"55,000"
505,Andheri West,Mumbai,4 BHK 4300 Sq-ft Flat/Apartment for Rent in Windsor Grande Residences Andheri West,19.1508537582477,72.8328921902958,3.1 Lac
506,Andheri West,Mumbai,1 BHK 600 Sq-ft Flat/Apartment for Rent in Evershine Park Andheri West,19.1378673,72.8361027,"36,000"
507,Andheri West,Mumbai,2 BHK 1000 Sq-ft Flat/Apartment for Rent in Beverly Hills and Royal Empire Andheri West,19.138438,72.8246908,"72,000"
508,Lokhandwala Complex,Mumbai,3 BHK 2000 Sq-ft Flat/Apartment for Rent in Meghdoot Tower Lokhandwala Complex,19.1450013456501,72.8216487174544,1.3 Lac
509,Andheri West,Mumbai,2 BHK 850 Sq-ft Flat/Apartment for Rent in Sai Krishna kunj Andheri West,19.1224809,72.8454287,"49,000"
510,Andheri West,Mumbai,1 BHK 640 Sq-ft Flat/Apartment for Rent in Oshiwara mhada Andheri West,19.149266,72.833536,"28,000"
511,Andheri West,Mumbai,3 BHK 2327 Sq-ft Flat/Apartment for Rent in Runwal Elegante Andheri West,19.1417141806255,72.828495599599,1.4 Lac
512,Lokhandwala Complex,Mumbai,2 BHK 950 Sq-ft Flat/Apartment for Rent in D Kapoor Twinkle Apartment Lokhandwala Complex,19.14285401,72.82905893,"50,000"
513,Andheri West,Mumbai,2 BHK 1100 Sq-ft Flat/Apartment for Rent in 7 Bungalow Andheri West,19.1284235,72.8198761,"60,000"
514,Andheri West,Mumbai,3 BHK 1190 Sq-ft Flat/Apartment for Rent in Gundecha Symphony Andheri West,19.137356,72.836955,"65,000"
515,Andheri West,Mumbai,3 BHK 1500 Sq-ft Flat/Apartment for Rent in DLH Orchid Andheri West,19.142096,72.826173,"85,000"
516,Azad Nagar 2,Mumbai,2 BHK 1000 Sq-ft Flat/Apartment for Rent in Westin Karmayog Azad Nagar 2,19.131203,72.834365,"50,000"
517,Lokhandwala Complex,Mumbai,1 BHK 490 Sq-ft Flat/Apartment for Rent in Magnum Tower CHS Lokhandwala Complex,19.14194035,72.8222507,"39,999"
518,Andheri West,Mumbai,3 BHK Flat 1352 sqft,19.14003074,72.83752598,"55,000"
519,Andheri West,Mumbai,3 BHK 1290 Sq-ft Flat/Apartment for Rent in Oberoi Springs off link road,19.138865,72.834731,1.3 Lac
520,Seven Bungalows,Mumbai,2 BHK 900 Sq-ft Flat/Apartment for Rent in Kabra Metro One Seven Bungalows,19.133317838032806,72.81809513580086,"55,000"
521,Lokhandwala Complex,Mumbai,1 BHK 650 Sq-ft Flat/Apartment for Rent in Link Garden Lokhandwala Complex,19.1477036,72.8267914,"40,000"
522,4 Bunglows,Mumbai,3 BHK 1692 Sq-ft Flat/Apartment for Rent in Western Heights 4 Bunglows,19.129387,72.827935,1.5 Lac
523,Andheri West,Mumbai,2 BHK 1000 Sq-ft Flat/Apartment for Rent in Dheeraj Gaurav Heights Andheri West,19.1416655,72.83453134,"60,000"
524,Lokhandwala Complex,Mumbai,2 BHK 1300 Sq-ft Flat/Apartment for Rent in Oakland Park Lokhandwala Complex,19.14854373,72.82665218,"65,000"
525,Lokhandwala Complex,Mumbai,1 BHK 650 Sq-ft Flat/Apartment for Rent in Amit Estate Lokhandwala Complex,19.1440001,72.8227741,"43,000"
526,Andheri West,Mumbai,1 BHK Flat 450 sqft,19.129737854003906,72.82915496826172,"35,000"
527,Andheri West,Mumbai,4 BHK 3000 Sq-ft Flat/Apartment for Rent in Bharat Sky Vistas Bluez Andheri West,19.223518,72.86522,1.9 Lac
528,Andheri West,Mumbai,1 BHK Flat 650 sqft,19.12592124938965,72.82966613769531,"38,000"
529,Andheri West,Mumbai,1 BHK 600 Sq-ft Flat/Apartment for Rent in Chaitanya Sanman Andheri West,19.1306185,72.83725,"40,000"
530,Andheri West,Mumbai,3 BHK 1500 Sq-ft Flat/Apartment for Rent in Ravi Kiran CHS Azad Nagar 1 Andheri West,19.13052449,72.83443662,"57,000"
531,Andheri West,Mumbai,2 BHK 1120 Sq-ft Flat/Apartment for Rent in Raheja Classique Andheri West,19.140062,72.829136,"80,000"
532,Andheri West,Mumbai,3 BHK 2300 Sq-ft Flat/Apartment for Rent in 4 Bungalow Andheri West,19.1253747,72.8254158,1.2 Lac
533,Andheri West,Mumbai,3 BHK 1700 Sq-ft Flat/Apartment for Rent in Western Heights Andheri West,19.129387,72.827935,1.3 Lac
534,Andheri West,Mumbai,2 BHK Flat 950 sqft,19.129737854003906,72.82915496826172,"40,000"
535,Andheri West,Mumbai,2 BHK 650 Sq-ft Flat/Apartment for Rent in ACME Suryadarshan Andheri West,19.1249161,72.8289575,"42,000"
536,Andheri West,Mumbai,2 BHK 850 Sq-ft Flat/Apartment for Rent in Andheri CHS Andheri West,19.115297,72.839762,"45,000"
537,4 Bunglows,Mumbai,1 BHK 500 Sq-ft Flat/Apartment for Rent in Ratan Nagar CHS 4 Bunglows,19.12852424,72.82398448,"32,000"
538,Andheri West,Mumbai,Studio Apartment 350 sqft,19.129737854003906,72.82915496826172,"22,000"
539,Andheri West,Mumbai,1 BHK 850 Sq-ft Flat/Apartment for Rent in Queens Land Apartment Andheri West,19.1384965,72.8263501,"38,000"
540,Lokhandwala Complex,Mumbai,2 BHK 850 Sq-ft Flat/Apartment for Rent in Guru Darshan Lokhandwala Complex,19.1445578761895,72.8246796720361,"35,000"
541,Milat Nagar,Mumbai,3 BHK Flat 1260 sqft,19.150169372558594,72.82821655273438,1.1 Lac
542,MHADA Colony Milat Nagar,Mumbai,2 BHK 1100 Sq-ft Flat/Apartment for Rent in Deep Tower MHADA Colony Milat Nagar,19.151943610291,72.8298349228762,"60,000"
543,Andheri West,Mumbai,2 BHK 1415 Sq-ft Flat/Apartment for Rent in Western Heights Andheri West,19.129387,72.827935,1.1 Lac
